{"averagePower":2785,"power":7212,"consumption":44.522292,"cost":51.077272}