{"averagePower":2827,"power":4628,"consumption":35.968236,"cost":43.773453}