{"averagePower":2533,"power":2014,"consumption":26.573714,"cost":30.584121}