{"averagePower":2752,"power":3614,"consumption":43.390229,"cost":49.79473}